Timestamp, KBps
1531120110.8813825, 232.2
1531120120.8819015, 259.9
1531120130.8823936, 280.1
1531120140.882863, 271.5
1531120150.8834128, 271.5
1531120160.8838682, 279.2
1531120170.884304, 277.8
1531120180.8847692, 262.1
1531120190.8852727, 273.9
1531120200.8857589, 275.8
1531120210.886213, 271.6
1531120220.886745, 275.1
1531120230.8874333, 269.0
1531120240.8882318, 269.5
1531120250.8887844, 274.0
1531120260.8893294, 265.4
1531120270.890252, 272.2
1531120280.8908317, 269.7
1531120290.891492, 275.1
1531120300.8920078, 271.7
1531120310.8925023, 272.8
1531120320.8935297, 274.0
1531120330.8940685, 272.0
1531120340.8945448, 277.1
1531120350.8949862, 275.7
1531120360.8955958, 274.2
1531120370.896104, 272.5
1531120380.8966074, 272.3
1531120390.8971019, 272.4
1531120400.8976204, 264.7
1531120410.8981574, 271.0
1531120420.8987167, 273.9
1531120430.8992183, 273.2
1531120440.8996902, 272.4
1531120450.900182, 273.5
1531120460.900989, 268.3
1531120470.901594, 270.9
1531120480.9021306, 272.0
1531120490.9026785, 263.8
1531120500.9034417, 271.5
1531120510.9040294, 267.3
1531120520.9045029, 266.5
1531120530.904996, 271.8
1531120540.9057066, 272.4
1531120550.9062803, 273.1
1531120560.9069126, 266.2
1531120570.9076753, 269.1
1531120580.90824, 265.5
1531120590.9087985, 267.2
1531120600.9093592, 275.1
1531120610.9098604, 277.1
1531120620.9104142, 272.4
1531120630.9111142, 269.6
1531120640.911666, 263.0
1531120650.9122229, 269.8
1531120660.9127886, 270.8
1531120670.913376, 271.3
1531120680.9138813, 275.8
1531120690.9144664, 274.9
1531120700.9150343, 272.6
1531120710.9155743, 271.2
1531120720.9161239, 270.8
1531120730.916667, 277.8
1531120740.917225, 269.1
1531120750.917725, 273.9
1531120760.9182205, 266.5
1531120770.9188561, 276.4
1531120780.9196794, 278.5
1531120790.9203405, 277.5
1531120800.920895, 276.8
1531120810.9213984, 278.9
1531120820.921983, 279.5
1531120830.9226553, 282.7
1531120840.9234145, 275.6
1531120850.9239686, 272.7
1531120860.9245224, 277.5
1531120870.925078, 273.4
1531120880.9255667, 274.8
1531120890.9261189, 283.0
1531120900.9268565, 278.3
1531120910.927459, 281.4
1531120920.9280174, 284.8
1531120930.9285743, 283.6
1531120940.9290972, 281.3
1531120950.9296162, 278.4
1531120960.9301736, 269.2
1531120970.930732, 276.1
1531120980.931313, 274.9
1531120990.9318776, 281.4
1531121000.932458, 270.0
1531121010.933017, 283.2
1531121020.933616, 278.3
1531121030.9341974, 278.9
1531121040.9348269, 279.8
1531121050.935346, 278.6
1531121060.9358191, 277.7
1531121070.9364161, 279.3
1531121080.9371793, 281.6
1531121090.9376872, 281.6
1531121100.9381828, 277.3
1531121110.9387255, 282.0
1531121120.9392757, 273.7
1531121130.9398026, 280.1
1531121140.9403095, 279.9
1531121150.9407208, 278.8
1531121160.9412463, 277.9
1531121170.9417589, 273.7
1531121180.9424603, 275.7
1531121190.9430354, 272.7
1531121200.9436107, 277.8
1531121210.9441986, 277.5
1531121220.9450064, 275.3
1531121230.945499, 276.4
1531121240.9461024, 267.0
1531121250.94686, 261.1
1531121260.9474032, 271.7
1531121270.9479923, 271.0
1531121280.9485579, 270.0
1531121290.9491658, 268.8
1531121300.9498286, 278.6
1531121310.9503527, 274.2
1531121320.95083, 278.1
1531121330.951362, 279.5
1531121340.9518063, 270.7
1531121350.9523325, 280.6
1531121360.952907, 273.3
1531121370.953366, 282.2
1531121380.9540577, 268.3
1531121390.9546623, 225.6
1531121400.9552224, 259.2
1531121410.955723, 278.8
1531121420.956252, 281.6
1531121430.9568067, 283.9
1531121440.9574616, 281.6
1531121450.958355, 281.4
1531121460.9589214, 279.4
1531121470.9595213, 280.0
1531121480.9600732, 266.2
1531121490.9606261, 279.3
1531121500.961275, 280.4
1531121510.9618235, 279.4
1531121520.962326, 279.1
1531121530.962858, 282.1
1531121540.9634192, 280.5
1531121550.9639788, 275.2
1531121560.96453, 272.1
1531121570.9650693, 275.7
1531121580.965637, 270.9
1531121590.9662218, 274.4
1531121600.9667757, 269.3
1531121610.96735, 269.9
1531121620.968003, 278.8
1531121630.9687374, 274.3
1531121640.9693089, 276.0
1531121650.9699254, 274.1
1531121660.9706452, 268.5
1531121670.9713633, 269.5
1531121680.971993, 270.9
1531121690.9725614, 269.9
1531121700.9731472, 271.0
1531121710.9737797, 270.2
1531121720.9743037, 260.6
1531121730.9748013, 268.2
1531121740.975443, 267.4
1531121750.9760144, 264.0
1531121760.9765544, 266.4
1531121770.9771054, 262.7
1531121780.9776568, 264.2
1531121790.9783864, 264.7
1531121800.9790156, 268.7
1531121810.97958, 265.2
1531121820.9804657, 266.2
1531121830.9811153, 266.8
1531121840.981722, 255.4
1531121850.9823892, 265.8
1531121860.9829578, 266.2
1531121870.9835331, 266.8
1531121880.9843328, 265.8
1531121890.985047, 266.6
1531121900.9856052, 266.7
1531121910.9862409, 266.1
1531121920.9868283, 271.2
1531121930.9873257, 266.3
1531121940.9877987, 272.8
1531121950.9883456, 272.6
1531121960.9888816, 263.6
1531121970.9895926, 260.4
1531121980.9904678, 273.0
1531121990.9912379, 273.8
1531122000.9922247, 274.4
1531122010.9927433, 270.2
1531122020.9932292, 267.6
1531122030.993725, 273.2
1531122040.99431, 273.4
1531122050.9948936, 266.2
1531122060.9957542, 268.3
1531122070.9965775, 267.7
1531122080.9971414, 258.9
1531122090.9976995, 266.5
1531122100.998281, 267.2
1531122110.9988225, 264.3
1531122120.9994369, 269.9
1531122130.9999955, 271.5
1531122141.0005465, 272.1
1531122151.0014787, 266.4
1531122161.0020251, 268.0
1531122171.0026886, 265.6
1531122181.0032566, 272.8
1531122191.0038161, 231.3
1531122201.0046332, 257.9
1531122211.005251, 265.6
1531122221.0057952, 232.3
1531122231.006431, 264.1
1531122241.0070095, 267.0
1531122251.0076497, 100.2
1531122261.0081847, 79.4
1531122271.008739, 80.4
1531122281.0092251, 77.4
1531122291.0096836, 255.0
1531122301.010571, 264.4
1531122311.011052, 262.6
1531122321.011654, 263.2
1531122331.0123441, 270.1
1531122341.0129046, 273.7
1531122351.0134633, 269.1
1531122361.0142655, 267.3
1531122371.0147815, 259.5
1531122381.0153713, 266.2
1531122391.0160174, 262.9
1531122401.0165696, 274.3
1531122411.0170848, 269.5
1531122421.0178525, 255.5
1531122431.0185444, 229.2
1531122441.0191834, 207.1
1531122451.0198507, 265.8
1531122461.02051, 269.9
1531122471.0210643, 266.5
1531122481.0218332, 261.2
1531122491.0223305, 267.8
1531122501.0231097, 266.9
1531122511.0236237, 267.7
1531122521.0241663, 271.0
1531122531.0246634, 263.1
1531122541.0252419, 269.5
1531122551.0257988, 271.2
1531122561.0262246, 265.8
1531122571.026669, 268.4
1531122581.027241, 267.1
1531122591.0277178, 264.0
1531122601.0281518, 267.4
1531122611.0287523, 271.8
1531122621.0293293, 266.9
1531122631.0298777, 275.9
1531122641.0304234, 277.4
1531122651.030976, 277.2
1531122661.0315807, 276.3
1531122671.032152, 275.2
1531122681.032789, 254.0
1531122691.0334685, 259.3
1531122701.034122, 268.3
1531122711.0346754, 272.3
1531122721.0353112, 270.4
1531122731.0360386, 274.0
1531122741.0366018, 271.8
1531122751.037229, 272.5
1531122761.0379426, 266.0
1531122771.0386775, 272.0
1531122781.03921, 268.2
1531122791.039822, 268.7
1531122801.0403352, 264.4
1531122811.0409043, 277.2
1531122821.0414646, 278.7
1531122831.0420218, 279.4
1531122841.0425787, 275.9
1531122851.0430384, 278.0
1531122861.0435967, 272.4
1531122871.0440702, 279.0
1531122881.0445874, 273.9
1531122891.045133, 270.0
1531122901.0457227, 263.2
1531122911.0463872, 268.4
1531122921.046905, 264.8
1531122931.0474842, 273.8
1531122941.0482023, 204.4
1531122951.0487757, 269.1
1531122961.049375, 270.8
1531122971.0499604, 268.4
1531122981.0505183, 272.2
1531122991.0511296, 269.9
1531123001.0519373, 269.5
1531123011.0525029, 275.3
1531123021.0530427, 270.9
1531123031.0537455, 275.6
1531123041.0544584, 255.7
1531123051.0549912, 262.6
1531123061.0555725, 264.6
1531123071.0561306, 266.5
1531123081.0566878, 257.4
1531123091.057296, 266.9
1531123101.0578637, 265.1
1531123111.0584395, 271.6
1531123121.0589893, 254.2
1531123131.0595918, 261.1
1531123141.0601485, 87.2
1531123151.0607374, 60.0
1531123161.0612888, 98.8
1531123171.0618372, 274.5
1531123181.0624323, 169.8
1531123191.0629928, 59.8
1531123201.063678, 60.6
1531123211.0641825, 65.6
1531123221.064717, 60.5
1531123231.065252, 61.3
1531123241.0658193, 61.3
1531123251.0663486, 185.8
1531123261.0668502, 266.1
1531123271.0673487, 263.3
1531123281.067847, 201.4
1531123291.0683336, 246.9
1531123301.068882, 269.4
1531123311.0694206, 267.7
1531123321.0700052, 267.6
1531123331.070506, 268.5
1531123341.0709789, 271.0
1531123351.0715196, 269.1
1531123361.072099, 257.4
1531123371.0725837, 264.2
1531123381.0735388, 277.1
1531123391.074092, 272.9
1531123401.0746045, 260.9
1531123411.0755818, 273.7
1531123421.076113, 275.6
1531123431.0765975, 273.1
1531123441.0773423, 275.7
1531123451.078077, 276.8
1531123461.0787766, 277.1
1531123471.0796266, 278.0
1531123481.0801005, 273.1
1531123491.0806162, 262.7
1531123501.0811212, 270.6
1531123511.0815964, 268.6
1531123521.0821075, 265.1
1531123531.082701, 272.3
1531123541.0832603, 268.6
1531123551.0836873, 271.5
1531123561.084283, 267.5
1531123571.0847845, 269.4
1531123581.0854025, 266.6
1531123591.0859733, 275.4
1531123601.0865967, 268.7
1531123611.0873837, 271.5
1531123621.0879478, 267.4
1531123631.088522, 272.0
1531123641.0891147, 259.6
1531123651.0898712, 270.6
1531123661.0904086, 233.2
1531123671.0911071, 273.3
1531123681.0916736, 266.6
1531123691.0921967, 273.1
1531123701.0927234, 273.7
1531123711.0932665, 275.2
1531123721.0939033, 271.6
1531123731.0945897, 275.9
1531123741.095172, 268.8
1531123751.0957325, 272.7
1531123761.0962856, 262.6
1531123771.096839, 272.6
1531123781.097389, 270.1
1531123791.0980945, 268.6
1531123801.0987172, 273.3
1531123811.0995843, 268.5
1531123821.1001885, 272.4
1531123831.1008165, 272.9
1531123841.101498, 267.1
1531123851.1019676, 217.6
1531123861.102475, 151.6
1531123871.1031432, 265.1
1531123881.1037676, 265.3
1531123891.1043358, 243.5
1531123901.1048944, 262.3
1531123911.1054523, 271.9
1531123921.1061084, 271.5
1531123931.106671, 249.2
1531123941.1073337, 215.0
1531123951.1081498, 269.2
1531123961.1086512, 263.8
1531123971.1091356, 266.9
1531123981.109638, 268.7
1531123991.110158, 263.7
1531124001.111088, 187.6
1531124011.111643, 267.8
1531124021.1122909, 263.0
1531124031.1128316, 270.5
1531124041.1133118, 273.2
1531124051.1138828, 270.1
1531124061.1144652, 271.0
1531124071.115135, 276.9
1531124081.1159823, 269.3
1531124091.1168692, 270.1
1531124101.117371, 272.4
1531124111.1180391, 269.2
1531124121.118888, 263.1
1531124131.1194382, 267.5
1531124141.1199398, 270.5
1531124151.1207159, 271.6
1531124161.1212776, 271.2
1531124171.1218274, 269.8
1531124181.1223805, 265.9
1531124191.1230164, 268.1
1531124201.1236348, 269.3
1531124211.1240861, 257.1
1531124221.1245801, 217.8
1531124231.1251984, 69.4
1531124241.1258824, 192.2
1531124251.1265743, 272.3
1531124261.1272378, 268.5
1531124271.1280065, 264.1
1531124281.1285644, 269.5
1531124291.12908, 274.8
1531124301.1295767, 272.9
1531124311.1301167, 272.5
1531124321.1306725, 272.6
1531124331.131295, 273.3
1531124341.1318896, 269.7
1531124351.1324358, 267.5
1531124361.1330094, 224.3
1531124371.1337285, 275.2
1531124381.1343372, 269.1
1531124391.1351697, 271.8
1531124401.1357045, 274.7
1531124411.1362202, 269.1
1531124421.1370308, 274.5
1531124431.1375983, 273.1
1531124441.1381648, 267.8
1531124451.138783, 271.4
1531124461.1393864, 274.9
1531124471.1402154, 277.3
1531124481.1408331, 266.9
1531124491.1413054, 276.4
1531124501.141789, 276.6
1531124511.1422527, 275.9
1531124521.1430006, 278.3
1531124531.1435125, 238.7
1531124541.1440115, 274.8
1531124551.1445749, 276.0
1531124561.1450963, 272.3
1531124571.1456246, 265.4
1531124581.1461325, 270.1
1531124591.1467867, 270.8
1531124601.1478388, 262.2
1531124611.1487038, 275.5
1531124621.1492748, 180.7
1531124631.1499913, 230.9
1531124641.1506374, 252.6
1531124651.1513278, 105.0
1531124661.151861, 229.6
1531124671.1524532, 268.5
1531124681.1532645, 268.0
1531124691.1537168, 194.4
1531124701.1543598, 209.8
1531124711.1551673, 248.0
1531124721.1556268, 152.8
1531124731.1561356, 269.6
1531124741.156886, 269.9
1531124751.1576333, 248.8
1531124761.1581664, 247.9
1531124771.1588159, 120.2
1531124781.1593332, 263.8
1531124791.160137, 271.1
1531124801.1606708, 268.2
1531124811.161177, 271.2
1531124821.161671, 272.2
1531124831.162182, 271.1
1531124841.1628137, 265.1
1531124851.1636264, 277.5
1531124861.1641717, 276.7
1531124871.1647847, 257.8
1531124881.1653183, 264.4
1531124891.1658914, 268.1
1531124901.1665092, 268.7
1531124911.1670427, 264.5
1531124921.167621, 269.5
1531124931.1683471, 270.5
1531124941.1691933, 257.1
1531124951.1701005, 273.6
1531124961.17065, 265.3
1531124971.1711478, 268.9
1531124981.1716635, 269.1
1531124991.1722488, 267.3
1531125001.173136, 266.8
1531125011.1736503, 265.3
1531125021.174244, 270.6
1531125031.1748745, 270.0
1531125041.1753705, 273.1
1531125051.175866, 269.0
1531125061.1763833, 274.6
1531125071.177329, 270.8
1531125081.177958, 264.9
1531125091.1785538, 272.2
1531125101.179085, 272.0
1531125111.179587, 268.6
1531125121.1800644, 272.7
1531125131.1809871, 268.3
1531125141.1814914, 272.3
1531125151.182027, 272.7
1531125161.182861, 269.4
1531125171.1837416, 269.9
1531125181.1842418, 270.0
1531125191.184698, 268.3
1531125201.1851807, 264.7
1531125211.1856606, 273.5
1531125221.1861515, 274.8
1531125231.1866415, 274.9
1531125241.1872244, 278.4
1531125251.188069, 277.2
1531125261.1886256, 275.7
1531125271.1890826, 275.5
1531125281.1900058, 273.5
1531125291.1909304, 276.7
1531125301.191471, 275.0
1531125311.191961, 272.8
1531125321.1924863, 268.0
1531125331.1931605, 269.9
1531125341.1936247, 272.4
1531125351.194158, 277.9
1531125361.194698, 176.9
1531125371.1952584, 238.6
1531125381.1957374, 272.3
1531125391.1962428, 271.8
1531125401.1968114, 273.7
1531125411.19749, 268.0
1531125421.1980994, 270.2
1531125431.1986413, 275.1
1531125441.1993856, 267.6
1531125451.1998959, 270.7
1531125461.2006543, 269.1
1531125471.2011485, 270.7
1531125481.2017033, 268.9
1531125491.2025394, 274.7
1531125501.2032356, 278.7
1531125511.2038026, 278.2
1531125521.2043765, 277.6
1531125531.2048948, 273.5
1531125541.2054827, 272.5
1531125551.2059917, 273.5
1531125561.2065315, 245.5
1531125571.2071707, 268.6
1531125581.2077699, 272.0
1531125591.2084665, 276.6
1531125601.2091594, 261.6
1531125611.2098083, 273.2
1531125621.2104437, 270.5
1531125631.2110095, 269.3
1531125641.2116723, 240.4
1531125651.2122772, 88.8
1531125661.2129436, 77.4
1531125671.2138667, 38.5
1531125681.2145317, 32.1
1531125691.215237, 73.6
1531125701.2161877, 68.7
1531125711.2168605, 58.2
1531125721.217436, 114.1
1531125731.218039, 108.3
1531125741.2186582, 79.6
1531125751.2192526, 160.6
1531125761.2198796, 102.8
1531125771.2205126, 52.3
1531125781.2214391, 97.1
1531125791.2220654, 53.3
1531125801.2227585, 95.9
1531125811.2234654, 84.0
1531125821.224099, 61.5
1531125831.2247097, 93.1
1531125841.2251644, 111.0
1531125851.2257462, 77.4
1531125861.2263713, 76.8
1531125871.2268698, 225.8
1531125881.227409, 266.1
1531125891.2279751, 233.3
1531125901.2289238, 277.3
1531125911.2295153, 276.2
1531125921.2300756, 267.0
1531125931.23072, 216.0
1531125941.2313983, 73.6
1531125951.2320137, 81.0
1531125961.232644, 151.0
1531125971.2332356, 265.5
1531125981.2337885, 270.7
1531125991.2347078, 276.6
1531126001.2353203, 273.7
1531126011.2362056, 274.8
1531126021.2367692, 269.1
1531126031.2372382, 270.1
1531126041.2377512, 268.4
1531126051.238304, 277.5
1531126061.2389674, 276.4
1531126071.239567, 266.3
1531126081.2400315, 259.4
1531126091.2404602, 278.3
1531126101.241156, 273.6
1531126111.2416825, 276.8
1531126121.2422023, 275.8
1531126131.2427456, 276.3
1531126141.2432547, 275.9
1531126151.243766, 269.0
1531126161.2442303, 265.4
1531126171.2447944, 279.0
1531126181.245424, 266.7
1531126191.246018, 279.3
1531126201.2465487, 273.8
1531126211.24714, 273.5
1531126221.2478557, 272.9
1531126231.2483943, 272.4
1531126241.2490814, 272.2
1531126251.249782, 267.3
1531126261.250302, 264.5
1531126271.250794, 266.3
1531126281.2513547, 258.1
1531126291.252123, 271.5
1531126301.2527113, 271.0
1531126311.2532487, 226.1
1531126321.2537932, 267.9
1531126331.2546878, 268.3
1531126341.255341, 280.1
1531126351.2558377, 280.3
1531126361.256346, 272.6
1531126371.256982, 271.5
1531126381.2575476, 278.8
1531126391.2580836, 267.4
1531126401.258715, 269.2
1531126411.259467, 270.7
1531126421.260114, 267.0
1531126431.2609482, 267.5
1531126441.2614572, 269.7
1531126451.2621977, 272.6
1531126461.2628713, 270.8
1531126471.2634459, 259.3
1531126481.2640016, 276.4
1531126491.2647834, 270.7
1531126501.2653635, 236.5
1531126511.2660184, 266.5
1531126521.2665715, 254.6
1531126531.267233, 272.9
1531126541.2678604, 272.3
1531126551.2683337, 266.6
1531126561.2688472, 272.2
1531126571.2694464, 273.7
1531126581.2700324, 270.3
1531126591.270597, 276.8
1531126601.2711875, 277.7
1531126611.2717013, 275.0
1531126621.2725265, 276.2
1531126631.2733529, 275.6
1531126641.2739427, 263.3
1531126651.2744954, 271.0
1531126661.2749846, 272.0
1531126671.2754982, 268.4
1531126681.275991, 271.2
1531126691.2764869, 273.2
1531126701.276975, 276.4
1531126711.2775743, 275.3
1531126721.2780712, 275.6
1531126731.2785819, 273.0
1531126741.2791178, 272.8
1531126751.2796168, 272.7
1531126761.2801566, 260.0
1531126771.280656, 270.6
1531126781.2811425, 273.4
1531126791.2820022, 282.1
1531126801.2825434, 279.4
1531126811.2832575, 274.8
1531126821.2840238, 275.7
1531126831.284524, 274.5
1531126841.285017, 262.5
1531126851.28569, 180.7
1531126861.2862337, 62.6
1531126871.2868361, 53.6
1531126881.2873607, 89.5
1531126891.2878392, 129.9
1531126901.2883515, 82.3
1531126911.2888467, 84.3
1531126921.2894657, 86.4
1531126931.2900681, 80.9
1531126941.290667, 76.1
1531126951.2913034, 81.2
1531126961.292164, 84.8
1531126971.2929626, 77.1
1531126981.2935078, 76.5
1531126991.294022, 76.7
1531127001.2946646, 102.6
1531127011.2955592, 272.3
1531127021.2961516, 270.3
1531127031.2967625, 272.3
1531127041.2977352, 274.4
1531127051.2982368, 270.1
1531127061.2989285, 270.7
1531127071.2994952, 274.3
1531127081.3000214, 269.2
1531127091.300574, 270.4
1531127101.301073, 269.2
1531127111.3015635, 267.3
1531127121.3021443, 259.4
1531127131.3027325, 272.3
1531127141.3032672, 277.1
1531127151.3040485, 280.0
1531127161.304652, 279.0
1531127171.3053074, 280.9
1531127181.3062112, 278.5
1531127191.3070288, 279.3
1531127201.3075998, 279.8
1531127211.3082948, 279.9
1531127221.3091197, 279.6
1531127231.3096833, 277.7
1531127241.3103473, 274.2
1531127251.3112905, 279.1
1531127261.312026, 277.8
1531127271.3126848, 277.9
1531127281.3131971, 269.5
1531127291.3137698, 275.8
1531127301.314232, 282.3
1531127311.3147056, 283.1
1531127321.3153944, 279.8
1531127331.3158855, 282.8
1531127341.3166285, 281.1
1531127351.3173394, 279.4
1531127361.3181581, 270.3
1531127371.3187213, 281.6
1531127381.319308, 277.6
1531127391.319839, 276.4
1531127401.3204494, 268.2
1531127411.321096, 273.3
1531127421.3217673, 270.5
1531127431.3223233, 275.2
1531127441.322879, 276.1
1531127451.3233633, 279.2
1531127461.324102, 280.8
1531127471.3247356, 280.2
1531127481.325303, 269.6
1531127491.3258638, 274.0
1531127501.326496, 278.6
1531127511.3270504, 280.5
1531127521.3276486, 280.5
1531127531.328264, 275.8
1531127541.328896, 271.0
1531127551.3294587, 234.9
1531127561.330017, 274.4
1531127571.3306441, 271.0
1531127581.331329, 273.3
1531127591.3318813, 270.1
1531127601.332434, 269.8
1531127611.3330874, 282.0
1531127621.3336594, 248.4
1531127631.3342113, 270.2
1531127641.334776, 277.8
1531127651.3352954, 277.5
1531127661.3357856, 272.4
1531127671.336299, 265.4
1531127681.336822, 278.5
1531127691.3373919, 279.3
1531127701.3380058, 277.7
1531127711.3385959, 275.9
1531127721.3392446, 267.8
1531127731.3398838, 275.6
1531127741.3404624, 274.8
1531127751.340987, 281.2
1531127761.341653, 274.8
1531127771.3422377, 274.9
1531127781.3427863, 276.6
1531127791.3433745, 276.0
1531127801.3439474, 275.2
1531127811.3445802, 279.5
1531127821.3451583, 276.2
1531127831.3457716, 274.7
1531127841.3464463, 267.3
1531127851.3469934, 270.5
1531127861.347449, 270.7
1531127871.347923, 273.4
1531127881.3483815, 273.2
1531127891.3491373, 273.9
1531127901.349694, 271.4
1531127911.3505263, 272.0
1531127921.3511124, 269.9
1531127931.3517485, 271.2
1531127941.35253, 274.5
1531127951.3531692, 273.6
1531127961.3539677, 265.8
1531127971.3545296, 277.1
1531127981.3552659, 276.3
1531127991.3559918, 277.8
1531128001.3567464, 274.2
1531128011.357335, 279.6
1531128021.357794, 272.9
1531128031.3582802, 275.6
1531128041.35899, 269.5
1531128051.3595955, 256.5
1531128061.3601239, 269.3
1531128071.3610394, 273.2
1531128081.3616643, 263.3
1531128091.3623714, 276.6
1531128101.3630972, 272.2
1531128111.3637722, 276.4
1531128121.3647263, 277.0
1531128131.3652358, 274.7
1531128141.3658216, 273.0
1531128151.366757, 277.9
1531128161.3673086, 273.1
1531128171.3680124, 274.9
1531128181.3686767, 275.5
1531128191.3692846, 274.9
1531128201.3698227, 263.0
1531128211.3703403, 274.6
1531128221.3708308, 275.3
1531128231.3713355, 275.4
1531128241.3718076, 280.0
1531128251.3723454, 276.5
1531128261.3728962, 280.0
1531128271.3734603, 277.6
1531128281.3740587, 275.2
1531128291.3748126, 274.7
1531128301.37567, 276.9
1531128311.376292, 275.4
1531128321.3771245, 231.0
1531128331.3776793, 280.9
1531128341.37823, 280.5
1531128351.3788598, 277.9
1531128361.3798256, 281.1
1531128371.3803887, 280.4
1531128381.3811347, 279.6
1531128391.3819535, 279.6
1531128401.3827944, 281.3
1531128411.383453, 274.4
1531128421.384029, 279.3
1531128431.3847675, 278.6
1531128441.3857255, 269.5
1531128451.3864532, 279.5
1531128461.3869917, 279.4
1531128471.3876803, 275.3
1531128481.388453, 277.7
1531128491.3889499, 277.6
1531128501.38953, 274.5
1531128511.3900757, 276.9
1531128521.3906295, 277.1
1531128531.3912883, 276.3
1531128541.3918154, 280.6
1531128551.3922791, 281.5
1531128561.3927898, 271.5
1531128571.3936572, 280.7
1531128581.3944476, 280.4
1531128591.395237, 278.8
1531128601.396183, 277.9
1531128611.3966944, 278.6
1531128621.3971868, 278.4
1531128631.3977292, 275.5
1531128641.3983023, 280.0
1531128651.398913, 273.9
1531128661.3994982, 273.1
1531128671.4000356, 273.6
1531128681.400744, 268.8
1531128691.4012756, 279.2
1531128701.4017527, 279.6
1531128711.4023635, 280.8
1531128721.40293, 279.8
1531128731.403548, 280.6
1531128741.4041433, 280.8
1531128751.4046948, 282.4
1531128761.4053442, 282.7
1531128771.4060106, 269.4
1531128781.406974, 278.9
1531128791.4081993, 280.6
1531128801.4087422, 264.8
1531128811.4092746, 275.0
1531128821.4099092, 278.4
1531128831.4104826, 281.8
1531128841.4110568, 278.0
1531128851.4116976, 276.8
1531128861.4122598, 277.9
1531128871.4128819, 276.3
1531128881.4136713, 274.6
1531128891.4142635, 276.5
1531128901.414836, 270.2
1531128911.4155765, 236.7
1531128921.4160726, 258.7
1531128931.4165614, 272.9
1531128941.4170096, 276.9
1531128951.4175272, 278.0
1531128961.4180822, 279.6
1531128971.4187348, 277.3
1531128981.4197378, 278.0
1531128991.4203525, 280.6
1531129001.420855, 278.7
1531129011.4212997, 273.6
1531129021.4219975, 277.2
1531129031.4225788, 277.2
1531129041.423123, 266.9
1531129051.4237037, 278.1
1531129061.4242754, 277.0
1531129071.424819, 274.7
1531129081.4253874, 272.2
1531129091.42603, 268.6
1531129101.4267633, 273.7
1531129111.4275205, 272.3
1531129121.4280708, 270.9
1531129131.4286, 272.3
1531129141.4290943, 274.9
1531129151.4296057, 275.2
1531129161.4304035, 266.1
1531129171.431225, 267.3
1531129181.431789, 275.1
1531129191.4324682, 272.5
1531129201.4331887, 273.6
1531129211.433692, 274.5
1531129221.4341824, 273.6
1531129231.434711, 273.8
1531129241.4352326, 276.6
1531129251.4358335, 275.5
1531129261.4363296, 277.9
1531129271.4368432, 272.8
1531129281.437406, 266.8
1531129291.4378912, 272.8
1531129301.4383907, 274.1
1531129311.4388983, 275.8
1531129321.4393997, 272.0
1531129331.439857, 278.4
1531129341.4403558, 278.1
1531129351.4408932, 273.7
1531129361.4414306, 274.4
1531129371.4419203, 275.5
1531129381.4428003, 275.5
1531129391.4432867, 277.8
1531129401.4440804, 268.5
1531129411.4448664, 273.4
1531129421.4453108, 277.7
1531129431.44581, 276.8
1531129441.4465544, 276.7
1531129451.4470944, 278.7
1531129461.4476278, 276.3
1531129471.4482272, 268.4
1531129481.4489584, 272.9
1531129491.4495473, 269.7
1531129501.4501066, 272.3
1531129511.450633, 273.7
1531129521.451102, 269.3
1531129531.451597, 274.5
1531129541.4521146, 268.0
1531129551.4526076, 278.5
1531129561.4531739, 275.8
1531129571.4537675, 275.4
1531129581.4542906, 276.2
1531129591.454797, 277.7
1531129601.455376, 272.8
1531129611.455851, 274.2
1531129621.4566839, 270.7
1531129631.4573848, 269.9
1531129641.4580724, 264.2
1531129651.4586277, 279.9
1531129661.4592035, 280.1
1531129671.4599, 274.8
1531129681.4608424, 270.3
1531129691.4613504, 273.4
1531129701.4617646, 273.9
1531129711.4622738, 274.9
1531129721.4627714, 266.8
1531129731.463382, 275.7
1531129741.464101, 263.4
1531129751.4645922, 274.8
1531129761.4651926, 266.9
1531129771.4656937, 232.3
1531129781.4661982, 272.5
1531129791.466701, 267.5
1531129801.4677558, 249.4
1531129811.468469, 177.1
1531129821.4692028, 270.2
1531129831.469771, 269.2
1531129841.4703724, 265.5
1531129851.470924, 227.4
1531129861.4715223, 275.4
1531129871.47212, 273.1
1531129881.4727287, 263.6
1531129891.4734101, 245.6
1531129901.4740584, 247.5
1531129911.4750538, 261.4
1531129921.4756384, 268.4
1531129931.4761436, 238.3
1531129941.4766772, 274.5
1531129951.4771702, 266.4
1531129961.4776733, 266.8
1531129971.4781737, 276.7
1531129981.4786782, 267.4
1531129991.4792209, 274.3
1531130001.4797266, 264.8
1531130011.4802077, 265.5
1531130021.4806983, 270.7
1531130031.4812157, 268.3
1531130041.4817185, 275.0
1531130051.4822006, 264.5
1531130061.482695, 261.7
1531130071.4832168, 215.3
1531130081.4837332, 238.4
1531130091.484564, 252.1
1531130101.4851673, 261.5
1531130111.485741, 274.5
1531130121.4863095, 261.5
1531130131.4871128, 273.3
1531130141.4876008, 271.3
1531130151.488134, 273.3
1531130161.4887135, 274.4
1531130171.4895575, 276.8
1531130181.4901025, 273.5
1531130191.490668, 272.2
1531130201.4912713, 270.2
1531130211.4920044, 252.6
1531130221.4925365, 264.0
1531130231.4930258, 263.0
1531130241.4935317, 261.5
1531130251.4939764, 273.5
1531130261.4947503, 275.5
1531130271.4952846, 269.2
1531130281.4957967, 272.1
1531130291.4964654, 274.7
1531130301.4972403, 276.9
1531130311.49801, 220.7
1531130321.498851, 266.3
1531130331.4993496, 270.1
1531130341.4999735, 270.8
1531130351.500697, 270.0
1531130361.5013313, 261.9
1531130371.5018609, 263.1
1531130381.502555, 269.3
1531130391.5031443, 269.1
1531130401.5037649, 271.1
1531130411.5043082, 262.5
1531130421.5049531, 274.6
1531130431.505517, 267.4
1531130441.5060499, 270.0
1531130451.5069394, 275.1
1531130461.507574, 274.1
1531130471.5081525, 274.6
1531130481.5087051, 241.4
1531130491.5091426, 231.8
1531130501.509607, 195.2
1531130511.51009, 270.9
1531130521.5107462, 275.9
1531130531.5114927, 273.2
1531130541.5120835, 269.2
1531130551.5128691, 272.3
1531130561.513695, 271.1
1531130571.5142255, 271.5
1531130581.5147686, 271.5
1531130591.515334, 270.6
1531130601.5159705, 266.4
1531130611.5165262, 275.9
1531130621.5173903, 273.5
1531130631.517957, 273.2
1531130641.5187974, 274.2
1531130651.519588, 274.2
1531130661.5205128, 275.1
1531130671.5210252, 278.3
1531130681.5216222, 227.9
1531130691.5226266, 277.5
1531130701.5231926, 273.2
1531130711.5238328, 253.9
1531130721.5244577, 171.3
1531130731.5253956, 267.3
1531130741.525966, 272.6
1531130751.526494, 276.2
1531130761.5271401, 274.5
1531130771.5282414, 272.4
1531130781.5287015, 264.6
1531130791.5292892, 231.3
1531130801.5300448, 266.9
1531130811.5305676, 267.3
1531130821.5311658, 275.2
1531130831.5316658, 265.9
1531130841.5321429, 267.7
1531130851.5326657, 276.7
1531130861.5333042, 263.4
1531130871.5337956, 272.6
1531130881.534439, 266.2
1531130891.535116, 251.3
1531130901.5357616, 247.3
1531130911.5363922, 264.5
1531130921.5370896, 259.2
1531130931.5375319, 276.0
1531130941.538076, 273.5
1531130951.5386107, 273.0
1531130961.539202, 267.0
1531130971.5397553, 274.2
1531130981.540311, 273.9
1531130991.5408182, 268.9
1531131001.5412865, 268.9
1531131011.5418239, 272.8
1531131021.542608, 279.8
1531131031.5434651, 273.4
1531131041.544123, 273.1
1531131051.5446115, 269.7
1531131061.5450766, 271.3
1531131071.5456245, 265.8
1531131081.5461345, 267.9
1531131091.5467746, 269.5
1531131101.5472586, 255.7
1531131111.5478075, 267.9
1531131121.5483613, 274.2
1531131131.5489185, 272.6
1531131141.5494664, 276.8
1531131151.5500345, 273.0
1531131161.5506606, 277.8
1531131171.5512664, 271.3
1531131181.5521152, 274.3
1531131191.5526822, 271.7
1531131201.5531905, 266.2
1531131211.5537279, 270.5
1531131221.5542755, 269.5
1531131231.5548515, 269.6
1531131241.5554066, 268.4
1531131251.5560992, 266.3
1531131261.55682, 267.6
1531131271.5573807, 271.7
1531131281.5580184, 275.1
1531131291.558753, 270.0
1531131301.5593588, 271.2
1531131311.5598257, 273.1
1531131321.5603974, 186.4
1531131331.5609777, 254.6
1531131341.5615518, 275.6
1531131351.5621874, 276.1
1531131361.562747, 275.0
1531131371.5633318, 275.2
1531131381.563972, 263.2
1531131391.564538, 272.4
1531131401.5650413, 274.3
1531131411.5655742, 276.3
1531131421.56613, 269.4
1531131431.5666785, 266.2
1531131441.5673983, 260.4
1531131451.5679955, 275.6
1531131461.5686297, 270.6
1531131471.5691862, 255.4
1531131481.5698774, 272.8
1531131491.5707026, 276.0
1531131501.5715723, 274.4
1531131511.5720563, 268.6
1531131521.5725572, 257.2
1531131531.5730717, 260.5
1531131541.5737805, 262.6
1531131551.574294, 250.3
1531131561.5748198, 244.9
1531131571.5753756, 257.3
1531131581.575954, 278.7
1531131591.576439, 255.7
1531131601.5771084, 271.2
1531131611.577656, 264.0
1531131621.5781615, 251.7
1531131631.578771, 228.2
1531131641.5796258, 253.0
1531131651.5801976, 240.5
1531131661.580872, 252.6
1531131671.581555, 223.3
1531131681.5820656, 254.9
1531131691.5826097, 268.9
1531131701.5833058, 273.5
1531131711.5838618, 264.1
1531131721.5845907, 269.4
1531131731.5853045, 265.9
1531131741.5860033, 271.2
1531131751.586542, 271.6
1531131761.5872004, 274.8
1531131771.5877664, 259.6
1531131781.5883164, 265.5
1531131791.5888526, 271.4
1531131801.5893435, 262.7
1531131811.589962, 267.9
1531131821.5904758, 267.5
1531131831.5909922, 270.5
1531131841.5917966, 275.0
1531131851.5923758, 265.1
1531131861.5929267, 266.6
1531131871.5934784, 271.4
1531131881.594128, 255.6
1531131891.5946803, 247.4
1531131901.595508, 268.1
1531131911.596151, 267.8
1531131921.5969493, 261.5
1531131931.597836, 273.2
1531131941.5986319, 245.8
1531131951.5991685, 248.5
1531131961.5996149, 267.0
1531131971.600114, 265.8
1531131981.600708, 266.4
1531131991.601201, 267.0
1531132001.601786, 265.3
1531132011.6022718, 259.0
1531132021.6032145, 264.9
1531132031.6038072, 265.4
1531132041.6042554, 260.2
1531132051.6047783, 270.3
1531132061.6054056, 266.7
1531132071.6059732, 267.6
1531132081.6069674, 260.2
1531132091.6075518, 266.5
1531132101.6081095, 269.8
1531132111.608716, 265.2
1531132121.6092646, 274.8
1531132131.6097684, 264.8
1531132141.6103806, 267.6
1531132151.6114123, 267.3
1531132161.6119747, 210.1
1531132171.6128387, 267.8
1531132181.613355, 269.3
1531132191.6139302, 272.1
1531132201.6145067, 269.8
1531132211.6150424, 269.4
1531132221.6156156, 271.7
1531132231.6161664, 264.7
1531132241.6167905, 270.5
1531132251.6175044, 272.7
1531132261.617952, 270.5
1531132271.6184561, 269.6
1531132281.6191413, 256.8
1531132291.619891, 267.6
1531132301.6204655, 266.5
1531132311.6210127, 265.5
1531132321.6215756, 270.2
1531132331.6221266, 269.3
1531132341.6228218, 270.4
1531132351.623361, 267.3
1531132361.6239393, 272.1
1531132371.624636, 260.3
1531132381.6253057, 271.0
1531132391.625774, 262.0
1531132401.626539, 256.3
1531132411.6271734, 261.4
1531132421.62784, 228.3
1531132431.6285882, 247.7
1531132441.6291707, 266.3
1531132451.6296678, 268.0
1531132461.630144, 268.8
1531132471.6306868, 270.0
1531132481.6311388, 274.8
1531132491.6316273, 269.9
1531132501.6321385, 256.1
1531132511.6326413, 269.2
1531132521.6331966, 262.2
1531132531.6338258, 265.8
1531132541.6343968, 216.1
1531132551.634952, 204.6
1531132561.6356375, 203.9
1531132571.636168, 248.1
1531132581.6367106, 254.0
1531132591.6373208, 257.5
1531132601.6380033, 257.8
1531132611.6387398, 252.2
1531132621.6393402, 262.9
1531132631.6400523, 264.5
1531132641.6406221, 263.9
1531132651.6411192, 261.7
1531132661.6416664, 267.3
1531132671.6422067, 271.8
1531132681.64281, 273.5
1531132691.6434388, 268.5
1531132701.6440208, 249.1
1531132711.6444843, 267.7
1531132721.6449788, 252.8
1531132731.6456115, 246.1
1531132741.6464627, 266.7
1531132751.6468809, 272.4
1531132761.6476562, 259.9
1531132771.6482272, 268.4
1531132781.6488907, 272.3
1531132791.6495008, 277.7
1531132801.6500638, 273.8
1531132811.6505377, 276.8
1531132821.6511147, 195.7
1531132831.6516526, 209.9
1531132841.652196, 275.8
1531132851.652902, 269.3
1531132861.6536734, 277.3
1531132871.6543307, 272.9
1531132881.654894, 218.1
1531132891.6555808, 270.9
1531132901.6561458, 272.7
1531132911.6566942, 272.3
1531132921.657348, 271.9
1531132931.6579878, 273.1
1531132941.6585507, 276.0
1531132951.6591513, 270.2
1531132961.6596985, 269.7
1531132971.6602178, 274.3
1531132981.6607842, 268.8
1531132991.6615508, 274.1
1531133001.6623423, 267.3
1531133011.662912, 267.9
1531133021.663516, 243.2
1531133031.664147, 272.6
1531133041.6647139, 257.7
1531133051.665258, 271.1
1531133061.6657672, 268.3
1531133071.6662276, 267.1
1531133081.6667538, 272.5
1531133091.6674845, 271.5
1531133101.6680884, 268.7
1531133111.6686175, 269.0
1531133121.669185, 262.2
1531133131.669819, 269.8
1531133141.6703773, 261.6
1531133151.67089, 265.5
1531133161.6714945, 263.1
1531133171.6721482, 270.0
1531133181.67271, 267.7
1531133191.6732652, 274.4
1531133201.6739302, 272.0
1531133211.674631, 264.8
1531133221.6752193, 268.6
1531133231.6758652, 266.5
1531133241.6764224, 243.6
1531133251.6769567, 266.4
1531133261.6775541, 262.4
1531133271.6781087, 257.4
1531133281.6786587, 263.2
1531133291.6793168, 260.1
1531133301.6797972, 271.9
1531133311.680302, 250.3
1531133321.680833, 265.7
1531133331.681463, 262.5
1531133341.6821165, 230.0
1531133351.6828427, 218.2
1531133361.6835752, 246.4
1531133371.6840498, 258.8
1531133381.6845057, 265.5
1531133391.685138, 165.2
1531133401.6856387, 176.8
1531133411.6862302, 249.3
1531133421.686902, 261.9
1531133431.6874971, 198.1
1531133441.6881237, 275.6
1531133451.688949, 225.9
1531133461.6895792, 246.2
1531133471.6901546, 266.3
1531133481.6909633, 265.0
1531133491.6916761, 237.3
1531133501.692235, 235.9
1531133511.6928003, 260.9
1531133521.6933017, 266.8
1531133531.6938329, 267.2
1531133541.6948333, 268.1
1531133551.6953294, 271.1
1531133561.6957822, 266.2
1531133571.6967146, 264.1
1531133581.6973202, 260.4
1531133591.697805, 241.2
1531133601.6983793, 266.3
1531133611.6989388, 267.9
1531133621.6995397, 213.2
1531133631.7000926, 260.2
1531133641.7006507, 247.5
1531133651.701321, 260.0
1531133661.7021084, 268.0
1531133671.7026582, 272.5
1531133681.7032537, 271.5
1531133691.7038472, 266.5
1531133701.704416, 271.3
1531133711.7049625, 264.1
1531133721.7055361, 257.2
1531133731.7063258, 266.9
1531133741.7069182, 250.1
1531133751.7076, 245.8
1531133761.708084, 251.8
1531133771.7085876, 264.6
1531133781.7090745, 252.1
1531133791.7100341, 266.0
1531133801.7106414, 253.9
1531133811.7115386, 271.1
1531133821.712097, 260.2
1531133831.7128217, 269.8
1531133841.7134056, 263.4
1531133851.7140987, 261.3
1531133861.7147043, 269.3
1531133871.7153337, 261.0
1531133881.7158124, 267.1
1531133891.7162738, 272.2
1531133901.716745, 272.1
1531133911.717272, 268.3
1531133921.7177992, 266.4
1531133931.7186716, 192.0
1531133941.7192447, 247.3
1531133951.7197318, 261.0
1531133961.7204928, 259.2
1531133971.7210479, 254.6
1531133981.7216485, 267.1
1531133991.722365, 239.4
1531134001.723019, 206.3
1531134011.723745, 181.4
1531134021.724651, 235.9
1531134031.7252219, 226.4
1531134041.725723, 241.3
1531134051.7262654, 268.1
1531134061.7268074, 274.0
1531134071.727524, 263.6
1531134081.7281175, 262.7
1531134091.728862, 256.2
1531134101.7296689, 269.1
1531134111.7302003, 266.3
1531134121.7307236, 260.1
1531134131.7312808, 259.8
1531134141.7318676, 262.6
1531134151.732431, 257.9
1531134161.7330573, 226.9
1531134171.7336276, 262.0
1531134181.7343252, 261.0
1531134191.7348647, 260.6
1531134201.735394, 220.9
1531134211.736044, 262.9
1531134221.7365878, 257.6
1531134231.7371497, 255.4
1531134241.7378705, 269.3
1531134251.7387486, 263.1
1531134261.7393553, 253.4
1531134271.740121, 267.4
1531134281.7405837, 269.1
1531134291.7413604, 267.8
1531134301.7419643, 264.6
1531134311.742506, 258.9
1531134321.7431784, 216.8
1531134331.743744, 259.8
1531134341.7443836, 274.5
1531134351.7450528, 266.1
1531134361.7455437, 275.2
1531134371.7460532, 259.5
1531134381.7465677, 223.9
1531134391.747084, 273.1
1531134401.7476857, 274.5
1531134411.7482386, 270.0
1531134421.7489448, 270.6
1531134431.7494962, 270.0
1531134441.7499666, 260.5
1531134451.7504506, 256.2
1531134461.7510424, 256.4
1531134471.751651, 261.0
1531134481.7521865, 266.4
1531134491.7526922, 258.8
1531134501.7532504, 263.2
1531134511.753768, 264.4
1531134521.754272, 271.4
1531134531.75475, 268.5
1531134541.7552264, 274.8
1531134551.755711, 260.0
1531134561.7562382, 257.1
1531134571.7567394, 258.8
1531134581.7572808, 263.9
1531134591.7578359, 265.7
1531134601.758444, 266.9
1531134611.759125, 256.7
1531134621.760018, 266.6
1531134631.7604744, 243.8
1531134641.7609596, 262.0
1531134651.7615798, 265.1
1531134661.7622783, 273.4
1531134671.762797, 265.0
1531134681.7633715, 256.9
1531134691.763885, 274.6
1531134701.7644055, 264.2
1531134711.764975, 263.2
1531134721.7656534, 264.2
1531134731.7661295, 261.6
1531134741.7666032, 264.9
1531134751.7672782, 264.9
1531134761.767765, 264.8
1531134771.7683694, 264.4
1531134781.7689219, 269.8
1531134791.7696397, 269.9
1531134801.7702808, 265.3
1531134811.7709284, 268.8
1531134821.7715805, 269.3
1531134831.7722456, 265.6
1531134841.7728083, 259.6
1531134851.773432, 260.3
1531134861.7739964, 262.6
1531134871.774508, 264.4
1531134881.7750263, 273.0
1531134891.7756226, 270.3
1531134901.7761679, 268.2
1531134911.7768342, 266.1
1531134921.777581, 261.3
1531134931.7780852, 273.3
1531134941.7785463, 265.5
1531134951.7790148, 261.5
1531134961.779552, 272.2
1531134971.780145, 264.6
1531134981.7808123, 268.6
1531134991.781471, 271.6
1531135001.7820547, 271.4
1531135011.782522, 264.4
1531135021.7831464, 259.9
1531135031.7838538, 258.1
1531135041.784574, 230.3
1531135051.7853022, 273.9
1531135061.786084, 273.7
1531135071.7865891, 263.5
1531135081.7870884, 270.0
1531135091.7876768, 265.9
1531135101.788218, 274.2
1531135111.788785, 269.0
1531135121.7893, 263.4
1531135131.790179, 251.0
1531135141.7907054, 266.0
1531135151.7912548, 275.0
1531135161.791799, 264.4
1531135171.7923355, 267.5
1531135181.792952, 270.5
1531135191.7935793, 268.3
1531135201.7941763, 271.6
1531135211.794887, 269.8
1531135221.7957098, 274.0
1531135231.7962418, 269.0
1531135241.7967587, 271.9
1531135251.7973068, 267.5
1531135261.7977796, 268.2
1531135271.7982337, 269.3
1531135281.7987607, 264.4
1531135291.7993093, 272.9
1531135301.7997959, 275.9
1531135311.8002594, 278.6
1531135321.8007276, 272.3
1531135331.801211, 267.0
1531135341.8018906, 272.5
1531135351.8027027, 272.4
1531135361.8032722, 273.1
1531135371.8039753, 269.5
1531135381.8047125, 268.5
1531135391.8052716, 268.5
1531135401.8057802, 263.8
1531135411.806304, 261.6
1531135421.8068285, 270.8
1531135431.8073351, 272.5
1531135441.8081524, 271.5
1531135451.808877, 263.0
1531135461.8094316, 273.0
1531135471.8099904, 259.2
1531135481.8105416, 251.9
1531135491.8111115, 260.5
1531135501.8117611, 263.3
1531135511.8123627, 256.1
1531135521.812914, 260.0
1531135531.8135583, 263.3
1531135541.8142304, 268.3
1531135551.8151329, 268.1
1531135561.8156915, 269.7
1531135571.8162513, 258.8
1531135581.8168015, 269.1
1531135591.8173518, 270.3
1531135601.8180134, 267.1
1531135611.81861, 273.5
1531135621.8191514, 272.4
1531135631.819864, 272.3
1531135641.8206413, 259.1
1531135651.821261, 196.1
1531135661.8218856, 225.5
1531135671.8226206, 268.7
1531135681.8234131, 273.4
1531135691.823962, 268.2
1531135701.824606, 263.6
1531135711.8252518, 247.7
1531135721.8258047, 276.3
1531135731.8264422, 264.8
1531135741.8272173, 268.7
1531135751.8280964, 262.4
1531135761.8286223, 238.2
1531135771.8291616, 252.2
1531135781.829651, 270.2
1531135791.830171, 265.1
1531135801.8307636, 272.8
1531135811.831309, 265.8
1531135821.832186, 94.5
1531135831.832775, 77.0
1531135841.8333194, 168.0
1531135851.8337882, 271.7
1531135861.834541, 277.9
1531135871.8350987, 273.3
1531135881.8355715, 261.3
1531135891.8361142, 273.0
1531135901.8368015, 275.9
1531135911.8373432, 265.8
1531135921.8379796, 266.5
1531135931.838541, 260.1
1531135941.8394663, 265.5
1531135951.840165, 117.7
1531135961.840717, 66.9
1531135971.8413343, 62.6
1531135981.8420298, 61.1
1531135991.842605, 61.8
1531136001.8431761, 138.0
1531136011.8436863, 265.8
1531136021.8442562, 263.6
1531136031.8448155, 275.2
1531136041.8453863, 262.0
1531136051.845935, 261.4
1531136061.8465772, 247.5
1531136071.8471692, 246.5
1531136081.847731, 261.5
1531136091.848336, 262.9
1531136101.849049, 268.0
1531136111.8496196, 267.6
1531136121.8502307, 224.0
1531136131.8508034, 269.0
1531136141.8513973, 259.9
1531136151.8519247, 263.1
1531136161.8524806, 268.1
1531136171.8533735, 268.0
1531136181.8540092, 259.9
1531136191.8546944, 261.8
1531136201.8553667, 267.4
1531136211.855936, 272.8
1531136221.8564265, 266.1
1531136231.8569655, 270.4
1531136241.8574598, 262.2
1531136251.8578718, 264.7
1531136261.8583295, 268.4
1531136271.8588393, 273.7
1531136281.859485, 267.7
1531136291.859957, 264.3
1531136301.8605795, 266.3
1531136311.861184, 266.8
1531136321.8619506, 274.3
1531136331.8625238, 269.3
1531136341.8631797, 270.4
1531136351.863703, 268.5
1531136361.8642058, 265.1
1531136371.8649204, 272.4
1531136381.865455, 272.3
1531136391.865883, 262.8
1531136401.866402, 264.2
1531136411.8669636, 269.6
1531136421.8677766, 259.4
1531136431.8683524, 270.9
1531136441.8688536, 274.3
1531136451.8693345, 266.1
1531136461.869879, 274.0
1531136471.870377, 275.2
1531136481.8708029, 261.8
1531136491.8713632, 264.3
1531136501.871901, 266.7
1531136511.8724475, 269.7
1531136521.8730166, 266.4
1531136531.873484, 269.0
1531136541.8739452, 263.5
1531136551.874453, 251.3
1531136561.8749807, 274.3
1531136571.8755295, 264.4
1531136581.876034, 262.1
1531136591.8765972, 273.2
1531136601.8770874, 219.8
1531136611.8779275, 254.6
1531136621.878624, 188.7
1531136631.8793232, 250.3
1531136641.8802419, 272.6
1531136651.880762, 272.8
1531136661.8812554, 274.0
1531136671.881732, 274.1
1531136681.8821888, 264.1
1531136691.8827057, 262.1
1531136701.8832154, 272.3
1531136711.8838744, 262.3
1531136721.8845196, 202.9
1531136731.884987, 255.1
1531136741.885506, 268.2
1531136751.8860939, 267.6
1531136761.8866463, 222.9
1531136771.8871865, 264.9
1531136781.8877237, 268.2
1531136791.8881834, 229.8
1531136801.888847, 243.1
1531136811.8895419, 269.4
1531136821.8902194, 262.0
1531136831.8908644, 247.8
1531136841.8913224, 263.0
1531136851.89198, 272.9
1531136861.8927495, 213.2
1531136871.8934398, 273.6
1531136881.8940241, 232.4
1531136891.8949826, 266.5
1531136901.8956892, 228.1
1531136911.8962445, 274.3
1531136921.8967967, 272.8
1531136931.8973575, 236.4
1531136941.8978727, 241.3
1531136951.898467, 118.2
1531136961.8991227, 172.2
1531136971.8997183, 254.0
1531136981.9003372, 268.1
1531136991.9008923, 265.3
1531137001.9015088, 261.0
1531137011.9020731, 262.0
1531137021.9026022, 259.2
1531137031.9033377, 261.3
1531137041.9038918, 250.8
1531137051.904465, 259.0
1531137061.9050164, 252.4
1531137071.905557, 263.1
1531137081.9063098, 253.0
1531137091.9067845, 263.9
1531137101.9073405, 256.1
1531137111.9079437, 256.1
1531137121.908493, 254.7
1531137131.909041, 234.6
1531137141.9095955, 250.6
1531137151.910151, 263.5
1531137161.9106946, 270.0
1531137171.9112787, 268.9
1531137181.9118903, 267.5
1531137191.9123905, 253.8
1531137201.912946, 264.7
1531137211.9135873, 267.4
1531137221.9141448, 269.6
1531137231.9147043, 237.5
1531137241.915301, 267.2
1531137251.9158525, 256.7
1531137261.9164627, 268.5
1531137271.9172523, 269.6
1531137281.9178286, 269.4
1531137291.9183805, 271.1
1531137301.9191656, 255.2
1531137311.919722, 262.3
1531137321.9202504, 249.6
1531137331.9207344, 269.9
1531137341.921259, 260.1
1531137351.9221509, 269.2
1531137361.9228194, 270.9
1531137371.9233718, 262.0
1531137381.9239736, 266.9
1531137391.9245343, 268.9
1531137401.9251847, 231.5
1531137411.9258053, 237.6
1531137421.9263325, 221.3
1531137431.9268527, 252.0
1531137441.9273632, 244.3
1531137451.92779, 256.5
1531137461.9283257, 262.0
1531137471.928877, 269.4
1531137481.929662, 267.1
1531137491.9302497, 155.5
1531137501.9308035, 272.5
1531137511.9315412, 273.8
1531137521.9321086, 272.5
1531137531.9326668, 243.6
1531137541.9332314, 270.9
1531137551.933798, 264.2
1531137561.9343555, 260.6
1531137571.9352088, 105.1
1531137581.9358222, 216.1
1531137591.9363163, 85.4
1531137601.9371793, 255.3
1531137611.9379015, 211.1
1531137621.9385417, 249.3
1531137631.9391441, 190.0
1531137641.9397614, 266.6
1531137651.940317, 271.0
1531137661.940805, 145.8
1531137671.941314, 136.9
1531137681.9418716, 104.2
1531137691.9424345, 204.3
1531137701.9429276, 130.7
1531137711.943437, 267.6
1531137721.9440045, 267.1
1531137731.9445105, 266.9
1531137741.9452426, 274.0
1531137751.9458034, 272.6
1531137761.946274, 265.8
1531137771.9468138, 268.9
1531137781.9477592, 204.4
1531137791.94848, 105.4
1531137801.9493794, 155.7
1531137811.949901, 220.4
1531137821.9504464, 232.3
1531137831.951141, 252.1
1531137841.9517574, 133.0
1531137851.9523137, 248.5
1531137861.952813, 201.9
1531137871.953278, 198.0
1531137881.953782, 269.3
1531137891.9543333, 272.5
1531137901.9551373, 126.6
1531137911.955789, 82.2
1531137921.9564345, 132.9
1531137931.9569905, 150.5
1531137941.9575894, 64.0
1531137951.9582286, 103.4
1531137961.9587975, 160.4
1531137971.9593518, 268.0
1531137981.9599738, 240.1
1531137991.9605932, 73.6
1531138001.9611669, 72.7
1531138011.961673, 141.5
1531138021.962169, 92.5
1531138031.9629004, 61.5
1531138041.9635403, 52.8
1531138051.964147, 63.8
1531138061.9648, 65.5
1531138071.9653885, 164.3
1531138081.9659228, 263.1
1531138091.9663508, 257.6
